{
    "rmse": 0.7339827034551958,
    "mae": 0.5387306089713978,
    "r2": 0.26997853467731725
}