{
    "rmse": 0.7499875069991675,
    "mae": 0.5624812606548264,
    "r2": 0.25730597865897376
}